"%s. Please try again or attempt refreshing the page.","%s. Please try again or attempt refreshing the page."
"4px 0 8px 0;" border="0"/><br />To use this module you will need an existing production or sandbox Braintree account. You can apply at <a href="https://www.braintreepayments.com">braintreepayments.com</a>.<br />Braintree v.zero integration provided by <a href="http://gene.co.uk/" target="_blank">Gene Commerce</a>.","4px 0 8px 0;" border="0"/><br />To use this module you will need an existing production or sandbox Braintree account. You can apply at <a href="https://www.braintreepayments.com">braintreepayments.com</a>.<br />Braintree v.zero integration provided by <a href="http://gene.co.uk/" target="_blank">Gene Commerce</a>."
"6px 0;" /><br />You must first configure the <strong>Braintree v.zero - Configuration</strong> section with your Braintree account details.","6px 0;" /><br />You must first configure the <strong>Braintree v.zero - Configuration</strong> section with your Braintree account details."
"<strong>Authorize & Capture</strong> - We will instantly settle the transaction within the checkout.","<strong>Authorize & Capture</strong> - We will instantly settle the transaction within the checkout."
"<strong>Authorize</strong> - Will only auth the payment and store a token, the transaction will not be settled.<br />","<strong>Authorize</strong> - Will only auth the payment and store a token, the transaction will not be settled.<br />"
"<strong>Future Payments</strong> - Allows us to save the customers PayPal account for later purchases and use with the Vault","<strong>Future Payments</strong> - Allows us to save the customers PayPal account for later purchases and use with the Vault"
"<strong>Single Payment</strong> - Will only require the customer to sign in, we will only be able to take a single payment<br />","<strong>Single Payment</strong> - Will only require the customer to sign in, we will only be able to take a single payment<br />"
"<strong>Warning:</strong> Do not use 'Sandbox' on a production environment.<br />","<strong>Warning:</strong> Do not use 'Sandbox' on a production environment.<br />"
"Amount","Amount"
"Are you sure you want to remove this payment method?","Are you sure you want to remove this payment method?"
"Australia","Australia"
"Authorization Expired","Authorization Expired"
"Authorize","Authorize"
"Authorize & Capture","Authorize & Capture"
"Authorized","Authorized"
"Authorizing","Authorizing"
"Braintree Account Details","Braintree Account Details"
"Braintree offers a direct integration with Kount, our partner for providing advanced fraud detection technology. To use this feature, you must be processing at least 2500 transactions per month, and you’ll be subject to additional fees from Kount for their services. To get started, contact accounts@braintreepayments.com. You can view more information <a href="https://developers.braintreepayments.com/javascript+php/guides/fraud-tools">here</a>.","Braintree offers a direct integration with Kount, our partner for providing advanced fraud detection technology. To use this feature, you must be processing at least 2500 transactions per month, and you’ll be subject to additional fees from Kount for their services. To get started, contact accounts@braintreepayments.com. You can view more information <a href="https://developers.braintreepayments.com/javascript+php/guides/fraud-tools">here</a>."
"Braintree PHP SDK Version","Braintree PHP SDK Version"
"Braintree Status","Braintree Status"
"Braintree Transactions","Braintree Transactions"
"Braintree v.zero - Configuration","Braintree v.zero - Configuration"
"Braintree v.zero - Credit Card","Braintree v.zero - Credit Card"
"Braintree v.zero - PayPal","Braintree v.zero - PayPal"
"Buy Now","Buy Now"
"Canada","Canada"
"Cancel","Cancel"
"Capture","Capture"
"Capture Action","Capture Action"
"Card Number","Card Number"
"Card Verification Number","Card Verification Number"
"Checkout with PayPal","Checkout with PayPal"
"Close","Close"
"Complete checkout with","Complete checkout with"
"Complete Order Status","Complete Order Status"
"Credit Card Number","Credit Card Number"
"Credit Card Types","Credit Card Types"
"CSV","CSV"
"Currency","Currency"
"CVV","CVV"
"CVV Verification","CVV Verification"
"Debug","Debug"
"Debugging will cause a log to be written to the <strong>var/log/gene_braintree.log</strong> file. As no credit card data ever hits the server this file will never contain any crucial customer information.","Debugging will cause a log to be written to the <strong>var/log/gene_braintree.log</strong> file. As no credit card data ever hits the server this file will never contain any crucial customer information."
"Display","Display"
"Enable 3D Secure","Enable 3D Secure"
"Enabled","Enabled"
"Enable Vault","Enable Vault"
"Enable Vault/Saved Cards","Enable Vault/Saved Cards"
"Environment","Environment"
"Excel XML","Excel XML"
"Expiration Date","Expiration Date"
"Expires:","Expires:"
"Expiry Month","Expiry Month"
"Expiry Year","Expiry Year"
"Failed","Failed"
"Features","Features"
"France","France"
"Future Payments","Future Payments"
"Gateway Rejected","Gateway Rejected"
"Gateway rejected: AVS","There has been an issue whilst validating your billing address."
"Germany","Germany"
"Grand total:","Grand total:"
"Great Britain & Ireland","Great Britain & Ireland"
"Hong Kong","Hong Kong"
"ID","ID"
"If you're just authorizing transactions you can define at what point they should be submitted for settlement.","If you're just authorizing transactions you can define at what point they should be submitted for settlement."
"Invoice","Invoice"
"is invalid.","is invalid."
"Italy","Italy"
"Kount Merchant ID","Kount Merchant ID"
"Locale","Locale"
"Magento Braintree v.zero Version","Magento Braintree v.zero Version"
"Magento Order ID","Magento Order ID"
"Magento Status","Magento Status"
"Merchant Account ID","Merchant Account ID"
"Merchant ID","Merchant ID"
"New Credit Card","New Credit Card"
"New Order Status","New Order Status"
"Payment Action","Payment Action"
"Payment from Applicable Countries","Payment from Applicable Countries"
"Payment from Specific Countries","Payment from Specific Countries"
"Payment Information","Payment Information"
"Payment Type","Payment Type"
"Place Order","Place Order"
"Please provide a shipping address.","Please provide a shipping address."
"Please select a shipping method.","Please select a shipping method."
"Private Key","Private Key"
"Processor Declined","Processor Declined"
"Production","Production"
"Public Key","Public Key"
"Sadly, we're unable to accept this type of card, please try another.","Sadly, we're unable to accept this type of card, please try another."
"Sandbox","Sandbox"
"Saved Cards","Saved Cards"
"Saved Payment Information","Saved Payment Information"
"Save this account for future use","Save this account for future use"
"Save this card for future use","Save this card for future use"
"Settled","Settled"
"Settlement Declined","Settlement Declined"
"Settlement Pending","Settlement Pending"
"Settling","Settling"
"Shipment","Shipment"
"Shipping method:","Shipping method:"
"Should we verify the CVV against the card?","Should we verify the CVV against the card?"
"Single Payment","Single Payment"
"Sorry, we were unable to process your request. Please try again.","Sorry, we were unable to process your request. Please try again."
"Sort Order","Sort Order"
"Spain","Spain"
"Storing the customers PayPal in the vault will allow them to instantly purchase any product without having to login to PayPal again.","Storing the customers PayPal in the vault will allow them to instantly purchase any product without having to login to PayPal again."
"Submitted For Settlement","Submitted For Settlement"
"Testing Settings","Testing Settings"
"The 3D Secure feature enables the shopper to enter a password to confirm their identity with the card issuer. If accepted they then complete their order, and when received by you, you have much more confidence that is genuine and real.","The 3D Secure feature enables the shopper to enter a password to confirm their identity with the card issuer. If accepted they then complete their order, and when received by you, you have much more confidence that is genuine and real."
"The following credit cards accounts are currently linked with your account.","The following credit cards accounts are currently linked with your account."
"The following PayPal accounts are currently linked with your account.","The following PayPal accounts are currently linked with your account."
"The locale for the PayPal popup window","The locale for the PayPal popup window"
"There are a number of errors present with the credit card form:","There are a number of errors present with the credit card form:"
"There has been an issue processing your PayPal payment, please try again.","There has been an issue processing your PayPal payment, please try again."
"There was an issue whilst trying to process your card payment, please try again or another method.","There was an issue whilst trying to process your card payment, please try again or another method."
"The vault allows you to securely store the customers credit card on Braintree's servers. We're provided with a token which allows the customer to make future payments without having to enter any details again.","The vault allows you to securely store the customers credit card on Braintree's servers. We're provided with a token which allows the customer to make future payments without having to enter any details again."
"Title","Title"
"Transaction Date","Transaction Date"
"Type","Type"
"United States","United States"
"Unrecognized","Unrecognized"
"Valid Credentials","Valid Credentials"
"Voided","Voided"
"We cannot detect the card type for this card number, please try re-entering your card details.","We cannot detect the card type for this card number, please try re-entering your card details."
"We cannot match this card number to any of our accepted payment methods, please try re-entering your details.","We cannot match this card number to any of our accepted payment methods, please try re-entering your details."
"We require a CVV when creating card transactions.","We require a CVV when creating card transactions."
"We were unable to complete the request. Please try again.","We were unable to complete the request. Please try again."
"We were unable to complete your purchase through PayPal, please try again or an alternative payment method.","We were unable to complete your purchase through PayPal, please try again or an alternative payment method."
"We were unable to process the country.","We were unable to process the country."
"We were unable to process the response from PayPal. Please try again.","We were unable to process the response from PayPal. Please try again."
"We were unable to start the express checkout.","We were unable to start the express checkout."
"We\'re currently unable to process this card type, please try another card or payment method.","We\'re currently unable to process this card type, please try another card or payment method."
"You're able to use any of the listed payment methods below when purchasing through our checkout, you're able to add new payment methods within the checkout.","You're able to use any of the listed payment methods below when purchasing through our checkout, you're able to add new payment methods within the checkout."
"You're ready to accept payments via Braintree","You're ready to accept payments via Braintree"
"You currently have no saved payment information, you can save a payment method when making a purchase.","You currently have no saved payment information, you can save a payment method when making a purchase."
"You must first configure the <strong>Braintree v.zero - Configuration</strong> section with your Braintree account details.","You must first configure the <strong>Braintree v.zero - Configuration</strong> section with your Braintree account details."
"Your 3D secure verification has failed, please try using another card, or payment method.","Your 3D secure verification has failed, please try using another card, or payment method."
"Your API details above will need to reflect your Sandbox or your Production account.","Your API details above will need to reflect your Sandbox or your Production account."
"Your card payment has failed, please try again.","Your card payment has failed, please try again."
"Your Order","Your Order"
"Your payment has failed 3D secure verification, please try an alternate payment method.","Your payment has failed 3D secure verification, please try an alternate payment method."
"Your transaction has been declined, please try another payment method or contacting your issuing bank.","Your transaction has been declined, please try another payment method or contacting your issuing bank."
"You will complete your payment via PayPal after the order review step.","You will complete your payment via PayPal after the order review step."
